Muhammad Abbas,IUB001,1,38,96,70,28,62,20,80
Muhammad Abbas,IUB001,1,38,90,65,28,50,20,80
Muhammad Abbas,IUB001,1,38,94,60,27,58,24,80
Muhammad Abbas,IUB001,1,35,94,65,28,57,24,80
Muhammad Abbas,IUB001,1,38,98,65,32,66,24,80
Muhammad Abbas,IUB001,1,35,98,70,33,65,23,80
Muhammad Abbas,IUB001,1,36,94,67,32,69,23,80
Muhammad Abbas,IUB001,1,35,91,60,27,53,23,80
Muhammad Abbas,IUB001,1,36,98,72,26,56,22,80
Muhammad Abbas,IUB001,1,38,94,69,26,60,21,80
Muhammad Abbas,IUB001,1,37,97,70,29,69,20,80
Muhammad Abbas,IUB001,1,37,91,72,26,63,20,80
Muhammad Abbas,IUB001,1,38,92,70,30,56,20,80
Muhammad Abbas,IUB001,1,35,98,65,34,65,20,80
Muhammad Abbas,IUB001,1,36,98,70,25,64,20,80
Muhammad Abbas,IUB001,1,35,96,62,31,68,20,80
Muhammad Abbas,IUB001,1,37,93,70,26,52,20,80
Muhammad Abbas,IUB001,1,36,90,62,31,55,20,80
Muhammad Abbas,IUB001,1,35,90,64,33,69,22,80
Muhammad Abbas,IUB001,1,36,96,65,25,57,22,80
Muhammad Abbas,IUB001,1,37,96,69,26,56,22,80
Muhammad Abbas,IUB001,1,38,93,67,25,60,22,80
Muhammad Abbas,IUB001,1,35,93,61,27,65,21,80
Muhammad Abbas,IUB001,1,35,93,66,28,62,21,80
Muhammad Abbas,IUB001,1,36,93,71,29,61,21,80
Muhammad Abbas,IUB001,1,38,90,69,28,65,21,80
Muhammad Abbas,IUB001,1,37,93,69,31,53,20,80
Muhammad Abbas,IUB001,1,35,93,68,32,55,24,80
Muhammad Abbas,IUB001,1,37,91,60,27,59,23,80
Muhammad Abbas,IUB001,1,36,94,60,31,67,23,80
Muhammad Abbas,IUB001,1,38,99,65,29,66,20,80
Muhammad Abbas,IUB001,1,38,94,70,34,54,20,80
Muhammad Abbas,IUB001,1,35,94,60,26,53,20,80
Muhammad Abbas,IUB001,1,38,92,67,31,57,20,80
Muhammad Abbas,IUB001,1,37,95,68,34,65,24,80
Muhammad Abbas,IUB001,1,38,91,65,33,69,24,80
Muhammad Abbas,IUB001,1,36,98,63,33,53,23,80
Muhammad Abbas,IUB001,1,37,98,67,34,52,23,80
Muhammad Abbas,IUB001,1,36,91,67,27,60,22,80
Muhammad Abbas,IUB001,1,37,91,72,28,60,22,80
Muhammad Abbas,IUB001,1,37,96,67,28,68,22,80
Muhammad Abbas,IUB001,1,37,90,63,27,56,21,80
Muhammad Abbas,IUB001,1,38,90,67,28,55,21,80
Muhammad Abbas,IUB001,1,36,97,60,34,59,21,80
Muhammad Abbas,IUB001,1,35,90,60,27,67,20,80
Muhammad Abbas,IUB001,1,37,98,67,32,51,20,80
Muhammad Abbas,IUB001,1,35,94,65,32,55,20,80
Muhammad Abbas,IUB001,1,37,90,62,31,59,24,80
Muhammad Abbas,IUB001,1,36,94,64,28,53,24,80
Muhammad Abbas,IUB001,1,35,97,64,31,62,23,80
Muhammad Abbas,IUB001,1,36,97,69,32,61,23,80
Muhammad Abbas,IUB001,1,35,90,69,26,69,22,80
Muhammad Abbas,IUB001,1,36,93,61,28,55,22,80
Muhammad Abbas,IUB001,1,35,95,64,25,58,22,80
Muhammad Abbas,IUB001,1,36,97,71,28,64,21,80
Muhammad Abbas,IUB001,1,37,91,62,34,61,21,80
Muhammad Abbas,IUB001,1,38,93,69,27,67,21,80
Muhammad Abbas,IUB001,1,36,94,64,31,56,21,80
Muhammad Abbas,IUB001,1,36,90,61,32,51,21,80
Muhammad Abbas,IUB001,1,35,97,64,25,65,21,80
Muhammad Abbas,IUB001,1,35,94,61,26,59,20,80
Muhammad Abbas,IUB001,1,35,92,74,34,53,20,80
Muhammad Abbas,IUB001,1,37,90,74,25,63,24,80
Muhammad Abbas,IUB001,1,37,99,67,30,56,20,80
Muhammad Abbas,IUB001,1,38,90,63,26,63,24,80
Muhammad Abbas,IUB001,1,36,96,74,25,60,20,80
Muhammad Abbas,IUB001,1,36,96,61,25,66,23,80
Muhammad Abbas,IUB001,1,37,96,64,26,59,20,80
Muhammad Abbas,IUB001,1,36,97,66,27,66,23,80
Muhammad Abbas,IUB001,1,38,93,61,25,63,24,80
Muhammad Abbas,IUB001,1,38,93,63,26,69,23,80
Muhammad Abbas,IUB001,1,38,96,61,29,52,23,80
Muhammad Abbas,IUB001,1,36,90,70,31,53,22,80
Muhammad Abbas,IUB001,1,38,96,66,30,51,23,80
Muhammad Abbas,IUB001,1,36,93,71,34,62,22,80
Muhammad Abbas,IUB001,1,38,99,66,33,59,22,80
Muhammad Abbas,IUB001,1,37,94,60,26,61,22,80
Muhammad Abbas,IUB001,1,36,97,74,29,63,22,80
Muhammad Abbas,IUB001,1,37,94,63,33,54,21,80
Muhammad Abbas,IUB001,1,38,94,66,34,67,22,80
Muhammad Abbas,IUB001,1,38,94,68,34,53,21,80
Muhammad Abbas,IUB001,1,37,91,74,29,50,22,80
Muhammad Abbas,IUB001,1,36,91,60,30,57,20,80
Muhammad Abbas,IUB001,1,38,97,71,28,54,21,80
Muhammad Abbas,IUB001,1,35,99,68,25,60,20,80
Muhammad Abbas,IUB001,1,37,91,71,32,63,20,80
Muhammad Abbas,IUB001,1,35,93,63,34,69,20,80
Muhammad Abbas,IUB001,1,38,91,61,33,62,20,80
Muhammad Abbas,IUB001,1,37,90,71,30,52,20,80
Muhammad Abbas,IUB001,1,37,98,68,28,66,20,80
Muhammad Abbas,IUB001,1,36,93,71,33,61,24,80
Muhammad Abbas,IUB001,1,37,92,64,28,54,20,80
Muhammad Abbas,IUB001,1,38,95,70,30,60,24,80
Muhammad Abbas,IUB001,1,35,90,71,33,58,20,80
Muhammad Abbas,IUB001,1,38,95,73,28,53,23,80
Muhammad Abbas,IUB001,1,38,93,71,26,66,24,80
Muhammad Abbas,IUB001,1,37,93,61,29,56,24,80
Muhammad Abbas,IUB001,1,36,90,64,32,50,24,80



































































































































































































































































































































































































































































































































































































































































































































































































































































































































































































































































































































































































































































































































































































































































































































































































































































































































































































































































































































































































































































































































































  























































































































































































































































































































































































































































































































































































































































































































































































































































































































































































































































































































































































